horizon_length_20,horizon_length_22,horizon_length_24,horizon_length_26,horizon_length_28
9.283143758773804,8.855460405349731,9.142510890960693,9.691380023956299,11.286644458770752
9.274440050125122,9.194097757339478,9.692381143569946,9.951850175857544,11.019991159439087
9.223193407058716,9.321949243545532,9.723025560379028,9.650551319122314,10.959311723709106
